[
  {
    "ware_id": "1",
    "title": "茱莉蔻美白护肤",
    "price": "400",
    "main_picture": "1.jpg"
  },
  {
    "ware_id": "2",
    "title": "茱莉蔻美白护肤",
    "price": "1200",
    "main_picture": "2.jpg"
  },
  {
    "ware_id": "2",
    "title": "茱莉蔻美白护肤",
    "price": "720",
    "main_picture": "3.jpg"
  },
  {
    "ware_id": "2",
    "title": "茱莉蔻美白护肤",
    "price": "780",
    "main_picture": "4.jpg"
  },
  {
    "ware_id": "2",
    "title": "茱莉蔻美白护肤",
    "price": "10",
    "main_picture": "5.jpg"
  }
]