[
	{"title":"apple笔记本电脑询价","product":"办公桌、办公椅、屏风、会议桌","money":"1024.00","contact":"刘美","tel":"13402325411"},
	{"title":"apple笔记本电脑询价","product":"办公桌、会议桌","money":"700.00","contact":"刘美红","tel":"13402325411"},
	{"title":"dell笔记本电脑询价","product":"办公桌、办公椅、","money":"2000.00","contact":"刘三","tel":"13402325412"},
	{"title":"联想笔记本电脑询价","product":"屏风、会议桌","money":"3500.00","contact":"刘四","tel":"13402325413"},
	{"title":"联想笔记本电脑询价","product":"屏风、会议桌","money":"3500.00","contact":"刘四","tel":"13402325413"},
	{"title":"联想笔记本电脑询价","product":"屏风、会议桌","money":"3500.00","contact":"刘四","tel":"13402325413"},
	{"title":"联想笔记本电脑询价","product":"屏风、会议桌","money":"3500.00","contact":"刘四","tel":"13402325413"},
	{"title":"联想笔记本电脑询价","product":"屏风、会议桌","money":"3500.00","contact":"刘四","tel":"13402325413"},
	{"title":"联想笔记本电脑询价","product":"屏风、会议桌","money":"3500.00","contact":"刘四","tel":"13402325413"}
]